[
    {
        "id": 1,
        "priority": 1,
        "action": {
            "type": "block"
        },
        "condition": {
            "urlFilter": "Antiindulgence.js",
            "domains": [
                "www.4399.com"
            ],
            "resourceTypes": [
                "main_frame",
                "sub_frame",
                "stylesheet",
                "script",
                "image",
                "font",
                "object",
                "xmlhttprequest",
                "ping",
                "csp_report",
                "media",
                "websocket",
                "webtransport",
                "webbundle",
                "other"
            ]
        }
    },
    {
        "id": 2,
        "priority": 1,
        "action": {
            "type": "block"
        },
        "condition": {
            "urlFilter": "fcmv2.js",
            "domains": [
                "web.4399.com"
            ],
            "resourceTypes": [
                "main_frame",
                "sub_frame",
                "stylesheet",
                "script",
                "image",
                "font",
                "object",
                "xmlhttprequest",
                "ping",
                "csp_report",
                "media",
                "websocket",
                "webtransport",
                "webbundle",
                "other"
            ]
        }
    },
    {
        "id": 3,
        "priority": 1,
        "action": {
            "type": "block"
        },
        "condition": {
            "urlFilter": "ifs-web_sdk",
            "domains": [
                "my.4399.com"
            ],
            "resourceTypes": [
                "main_frame",
                "sub_frame",
                "stylesheet",
                "script",
                "image",
                "font",
                "object",
                "xmlhttprequest",
                "ping",
                "csp_report",
                "media",
                "websocket",
                "webtransport",
                "webbundle",
                "other"
            ]
        }
    },
    {
        "id": 4,
        "priority": 1,
        "action": {
            "type": "block"
        },
        "condition": {
            "urlFilter": "heartbeat",
            "domains": [
                "apps.4399.com"
            ],
            "resourceTypes": [
                "main_frame",
                "sub_frame",
                "stylesheet",
                "script",
                "image",
                "font",
                "object",
                "xmlhttprequest",
                "ping",
                "csp_report",
                "media",
                "websocket",
                "webtransport",
                "webbundle",
                "other"
            ]
        }
    }
]