[
    {
        "id": 1,
        "priority": 1,
        "action": {
            "type": "block"
        },
        "condition": {
            "urlFilter": "https://www.4399.com/antijs/Antiindulgence.js",
            "resourceTypes": [
                "main_frame",
                "sub_frame",
                "stylesheet",
                "script",
                "image",
                "font",
                "object",
                "xmlhttprequest",
                "ping",
                "csp_report",
                "media",
                "websocket",
                "other"
            ]
        }
    },
    {
        "id": 2,
        "priority": 1,
        "action": {
            "type": "block"
        },
        "condition": {
            "urlFilter": "http://www.4399.com/antijs/Antiindulgence.js",
            "resourceTypes": [
                "main_frame",
                "sub_frame",
                "stylesheet",
                "script",
                "image",
                "font",
                "object",
                "xmlhttprequest",
                "ping",
                "csp_report",
                "media",
                "websocket",
                "other"
            ]
        }
    },
    {
        "id": 3,
        "priority": 1,
        "action": {
            "type": "block"
        },
        "condition": {
            "urlFilter": "https://pic.my4399.com/re/cms/gamebox/js/fcmv2.js",
            "resourceTypes": [
                "main_frame",
                "sub_frame",
                "stylesheet",
                "script",
                "image",
                "font",
                "object",
                "xmlhttprequest",
                "ping",
                "csp_report",
                "media",
                "websocket",
                "other"
            ]
        }
    },
    {
        "id": 4,
        "priority": 1,
        "action": {
            "type": "block"
        },
        "condition": {
            "urlFilter": "http://pic.my4399.com/re/cms/gamebox/js/fcmv2.js",
            "resourceTypes": [
                "main_frame",
                "sub_frame",
                "stylesheet",
                "script",
                "image",
                "font",
                "object",
                "xmlhttprequest",
                "ping",
                "csp_report",
                "media",
                "websocket",
                "other"
            ]
        }
    },
    {
        "id": 5,
        "priority": 1,
        "action": {
            "type": "block"
        },
        "condition": {
            "urlFilter": "https://my.4399.com/webgame/home/ifs-web_sdk",
            "resourceTypes": [
                "main_frame",
                "sub_frame",
                "stylesheet",
                "script",
                "image",
                "font",
                "object",
                "xmlhttprequest",
                "ping",
                "csp_report",
                "media",
                "websocket",
                "other"
            ]
        }
    },
    {
        "id": 6,
        "priority": 1,
        "action": {
            "type": "block"
        },
        "condition": {
            "urlFilter": "http://my.4399.com/webgame/home/ifs-web_sdk",
            "resourceTypes": [
                "main_frame",
                "sub_frame",
                "stylesheet",
                "script",
                "image",
                "font",
                "object",
                "xmlhttprequest",
                "ping",
                "csp_report",
                "media",
                "websocket",
                "other"
            ]
        }
    },
    {
        "id": 7,
        "priority": 1,
        "action": {
            "type": "block"
        },
        "condition": {
            "urlFilter": "https://apps.4399.com/online/heartbeat",
            "resourceTypes": [
                "main_frame",
                "sub_frame",
                "stylesheet",
                "script",
                "image",
                "font",
                "object",
                "xmlhttprequest",
                "ping",
                "csp_report",
                "media",
                "websocket",
                "other"
            ]
        }
    },
    {
        "id": 8,
        "priority": 1,
        "action": {
            "type": "block"
        },
        "condition": {
            "urlFilter": "http://apps.4399.com/online/heartbeat",
            "resourceTypes": [
                "main_frame",
                "sub_frame",
                "stylesheet",
                "script",
                "image",
                "font",
                "object",
                "xmlhttprequest",
                "ping",
                "csp_report",
                "media",
                "websocket",
                "other"
            ]
        }
    }
]